﻿<?xml version="1.0" encoding="utf-8"?><meta xmlns:xsi="http://www.w3.org/2001/XMLSchema-instance" xmlns:xsd="http://www.w3.org/2001/XMLSchema"><project id="5ixtmNA4vEW" courseid="6ZtfVJPOqDI_course_id" thumburl="story_content/thumbnail.jpg" title="01 VIO Intro" datepublished="2018-05-09T21:30:11" version="1.0.0.0" flashdata="story_content/data.swf" html5data="mobile/data.json" mobiledata="mobile/data.gz" enabledownload="true" duration="About 10 minutes" totalaudio="565047" totalvideo="106904"><description>Getting started modue</description><keywords /><slidemeta moniker="slide" monikerplural="slides" viewslides="12" slidecountdescription="12 slides" /><author name="James Wagner" email="" website="" /><application name="Articulate Storyline" version="3.3.15007.0" xmlversion="4.0" /></project></meta>